Year,Average_Vegetation_Cover
2014,4.016587719298245
2015,3.3836754385964913
2016,3.8524561403508772
2017,3.651456140350877
2018,3.3234912280701754
2019,3.0730438596491227
2020,3.428894736842105
