Year,Average_Vegetation_Cover
2014,10.564617940199335
2015,10.489080258786501
2016,10.529970274523517
2017,10.446231858716558
2018,10.55532435740514
2019,10.435915369819899
2020,10.58499737716384
