Year,Average_Vegetation_Cover
2014,3.5864912280701753
2015,3.360561403508772
2016,3.7754385964912283
2017,3.590122807017544
2018,3.5812631578947367
2019,3.2662280701754387
2020,3.731578947368421
