Year,Average_Vegetation_Cover
2014,7.9416032298288295
2015,7.725577907412736
2016,8.135506317524262
2017,8.217089142926902
2018,7.640943137921713
2019,7.037739468612935
2020,8.277866429487013
